{
  "ext/fragment/Fragment.fragment.xml": 1706087555777,
  "manifest.json": 1706088125898,
  "ext/fragment/Fragment.js": 1706077679550,
  "ext/fragment/Combobox.js": 1706077679542,
  "ext/controller/ObjPage.controller.js": 1706070539762,
  "Component.js": 1705759076821,
  "Component-preload.js": 1706088126390,
  "Component-dbg.js": 1705759076821,
  "ext/fragment/Combobox-dbg.js": 1706077679542,
  "ext/controller/ObjPage-dbg.controller.js": 1706070539762,
  "ext/fragment/Fragment-dbg.js": 1706077679550,
  "ext/fragment/coppy.xml": 1705759076825,
  "i18n/i18n.properties": 1705767184784,
  "css/style.css": 1705925157340,
  "index.html": 1705759076825
}